pred_scores,pred_labels,fname,xmin,ymin,xmax,ymax,orig_image_height,orig_image_width
0.9997608,3,412.png,25.453379,22.784023,509.25827,488.64844,512,512
0.81325364,1,412.png,60.96329,92.04046,200.95137,403.67377,512,512
0.7769378,1,412.png,292.8617,55.396133,478.80936,414.80524,512,512
0.7045864,1,412.png,316.76474,200.96864,461.79086,411.0667,512,512
0.70435536,1,412.png,305.943,57.434853,404.49503,155.9565,512,512
0.5637685,1,412.png,78.949776,249.5444,203.14874,408.47705,512,512
